YrSold,SalePrice,YearRemodAdd,MoSold,ExterQual,KitchenQual,OverallQual,FireplaceQu,BsmtQual,BsmtFinSF1,GrLivArea,GarageArea,LotArea,Neighborhood,NeighborhoodText
2008,208500,2003,2,3,3,7,-1.0,3.0,706,1710,548,8450,5,CollgCr
2007,181500,1976,5,2,2,6,2.0,3.0,978,1262,460,9600,24,Veenker
2008,223500,2002,9,3,3,7,2.0,3.0,486,1786,608,11250,5,CollgCr
2006,140000,1970,2,2,3,7,3.0,2.0,216,1717,642,9550,6,Crawfor
2008,250000,2000,12,3,3,8,2.0,3.0,655,2198,836,14260,15,NoRidge
2009,143000,1995,10,2,2,5,-1.0,3.0,732,1362,480,14115,11,Mitchel
2007,307000,2005,8,3,3,8,3.0,4.0,1369,1694,636,10084,21,Somerst
2009,200000,1973,11,2,2,7,2.0,3.0,859,2090,484,10382,14,NWAmes
2008,129900,1950,4,2,2,7,2.0,2.0,0,1774,468,6120,17,OldTown
2008,118000,1950,1,2,2,5,2.0,2.0,851,1077,205,7420,3,BrkSide
2008,129500,1965,2,2,2,5,-1.0,2.0,906,1040,384,11200,19,Sawyer
2006,345000,2006,7,4,4,9,3.0,4.0,998,2324,736,11924,16,NridgHt
2008,144000,1962,9,2,2,5,-1.0,2.0,737,912,352,12968,19,Sawyer
2007,279500,2007,8,3,3,7,3.0,3.0,0,1494,840,10652,5,CollgCr
2008,157000,1960,5,2,2,6,1.0,2.0,733,1253,352,10920,12,NAmes
2007,132000,2001,7,2,2,7,-1.0,2.0,0,854,576,6120,3,BrkSide
2010,149000,1970,3,2,2,6,2.0,2.0,578,1004,480,11241,12,NAmes
2006,90000,1967,10,2,2,4,-1.0,-1.0,0,1296,516,10791,19,Sawyer
2008,159000,2004,6,2,3,5,-1.0,2.0,646,1114,576,13695,20,SawyerW
2009,139000,1965,5,2,2,5,-1.0,2.0,504,1339,294,7560,12,NAmes
2006,325300,2006,11,3,3,8,3.0,4.0,0,2376,853,14215,16,NridgHt
2007,139400,1950,6,2,3,7,3.0,2.0,0,1108,280,7449,9,IDOTRR
2008,230000,2002,9,3,3,8,3.0,3.0,0,1795,534,9742,5,CollgCr
2007,129900,1976,6,2,2,5,2.0,3.0,840,1060,572,4224,10,MeadowV
2010,154000,2001,5,2,3,5,2.0,2.0,188,1060,270,8246,19,Sawyer
2009,256300,2007,7,3,3,8,3.0,3.0,0,1600,890,14230,16,NridgHt
2010,134800,2000,5,2,3,5,-1.0,2.0,234,900,576,7200,12,NAmes
2010,306000,2008,5,3,3,8,3.0,4.0,1218,1704,772,11478,16,NridgHt
2006,207500,1997,12,2,2,5,3.0,2.0,1277,1600,319,16321,12,NAmes
2008,68500,1950,5,2,1,4,-1.0,2.0,0,520,240,6324,3,BrkSide
2008,40000,1950,7,2,2,4,-1.0,2.0,0,1317,250,8500,9,IDOTRR
2008,149350,2006,6,2,3,5,-1.0,2.0,0,1228,271,8544,19,Sawyer
2008,179900,2007,1,3,3,8,-1.0,4.0,0,1234,484,11049,5,CollgCr
2010,165500,1959,4,2,3,5,3.0,2.0,1018,1700,447,10552,12,NAmes
2007,277500,2005,8,4,4,9,3.0,4.0,1153,1561,556,7313,16,NridgHt
2006,309000,2005,9,3,3,8,3.0,4.0,0,2452,691,13418,16,NridgHt
2009,145000,1995,6,2,2,5,-1.0,3.0,0,1097,672,10859,5,CollgCr
2009,153000,1990,10,2,2,5,2.0,2.0,1213,1297,498,8532,12,NAmes
2010,109000,2007,1,2,3,5,-1.0,2.0,731,1057,246,7922,12,NAmes
2008,82000,1955,6,2,1,4,-1.0,-1.0,0,1152,0,6040,7,Edwards
2006,160000,1965,12,2,2,6,2.0,2.0,643,1324,440,8658,12,NAmes
2007,170000,1959,7,2,2,5,3.0,2.0,967,1328,308,16905,23,Timber
2007,144000,1983,12,2,3,5,-1.0,3.0,747,884,504,9180,20,SawyerW
2008,130250,1980,7,2,2,5,-1.0,3.0,280,938,308,9200,5,CollgCr
2006,141000,1959,5,2,2,5,-1.0,2.0,179,1150,300,7945,12,NAmes
2010,319900,2005,2,4,4,9,3.0,4.0,456,1752,576,7658,16,NridgHt
2009,239686,2003,8,3,3,7,4.0,4.0,1351,2149,670,12822,11,Mitchel
2007,249700,2006,7,3,3,8,-1.0,3.0,24,1656,826,11096,21,Somerst
2009,113000,2008,6,2,2,4,-1.0,2.0,0,1452,0,4456,17,OldTown
2007,127000,1966,1,2,2,5,-1.0,2.0,763,955,386,7742,19,Sawyer
2007,177000,1997,7,2,2,6,-1.0,3.0,182,1470,388,13869,8,Gilbert
2006,114500,1950,9,2,2,6,3.0,2.0,0,1176,528,6240,3,BrkSide
2010,110000,1963,5,1,2,5,-1.0,3.0,104,816,516,8472,9,IDOTRR
2006,385000,1987,11,3,3,9,3.0,4.0,1810,1842,894,50271,24,Veenker
2007,130000,1955,2,2,2,5,2.0,2.0,384,1360,572,7134,12,NAmes
2008,180500,1964,7,2,2,6,3.0,2.0,490,1425,576,10175,12,NAmes
2009,172500,2000,8,3,3,8,-1.0,3.0,649,1739,480,2645,21,Somerst
2006,196500,2004,8,3,3,7,-1.0,3.0,0,1720,565,11645,5,CollgCr
2006,438780,2006,10,4,3,10,3.0,4.0,0,2945,641,13682,22,StoneBr
2008,124900,1972,1,2,2,5,-1.0,2.0,632,780,352,7200,5,CollgCr
2006,158000,2004,5,2,3,6,-1.0,3.0,941,1158,576,13072,20,SawyerW
2007,101000,1996,3,2,1,5,-1.0,2.0,0,1111,288,7200,9,IDOTRR
2007,202500,2006,10,3,3,8,3.0,3.0,24,1370,484,6442,16,NridgHt
2010,140000,1950,4,2,2,7,-1.0,2.0,0,1710,480,10300,17,OldTown
2009,219500,1998,2,2,3,7,-1.0,3.0,739,2034,645,9375,5,CollgCr
2007,317000,2005,10,3,3,8,3.0,4.0,0,2473,852,9591,16,NridgHt
2010,180000,1989,7,2,2,7,3.0,3.0,912,2207,576,19900,12,NAmes
2007,226000,2003,6,3,3,7,-1.0,3.0,1013,1479,558,10665,5,CollgCr
2010,80000,1950,6,2,2,4,-1.0,2.0,0,747,220,4608,17,OldTown
2006,225000,1953,7,3,2,7,2.0,2.0,603,2287,667,15593,4,ClearCr
2007,244000,1973,2,2,2,7,3.0,3.0,1880,2223,516,13651,12,NAmes
2007,129500,2006,6,2,2,4,-1.0,2.0,565,845,360,7599,11,Mitchel
2009,185000,1998,12,2,2,7,2.0,3.0,0,1718,427,10141,8,Gilbert
2010,144900,2003,5,2,2,5,-1.0,2.0,320,1086,490,10200,12,NAmes
2010,107400,1950,5,3,2,3,-1.0,1.0,0,1605,379,5790,17,OldTown
2009,91000,1973,11,2,2,4,-1.0,3.0,462,988,297,1596,10,MeadowV
2008,135750,1956,4,2,2,4,-1.0,2.0,228,952,283,8475,12,NAmes
2008,127000,2001,1,2,2,5,-1.0,2.0,336,1285,240,8635,3,BrkSide
2010,136500,1968,4,2,2,4,-1.0,2.0,0,1768,0,10778,19,Sawyer
2009,110000,1981,5,2,2,5,-1.0,2.0,0,1230,440,10440,17,OldTown
2009,193500,1968,6,2,3,6,3.0,3.0,448,2142,509,13000,12,NAmes
2006,153500,1998,3,2,2,6,-1.0,4.0,1201,1337,405,4500,11,Mitchel
2008,245000,2007,10,2,3,8,3.0,3.0,33,1563,758,10206,21,Somerst
2007,126500,1960,7,2,2,5,-1.0,2.0,0,1065,461,8892,12,NAmes
2009,168500,1996,5,2,2,7,2.0,3.0,0,1474,400,8530,8,Gilbert
2006,260000,1992,4,3,3,8,2.0,3.0,0,2417,462,16059,15,NoRidge
2009,174000,2005,3,3,3,6,3.0,3.0,0,1560,400,11911,8,Gilbert
2009,164500,2009,6,3,3,6,-1.0,3.0,0,1224,528,3951,21,Somerst
2009,85000,1982,10,1,1,3,-1.0,2.0,0,1526,0,8470,9,IDOTRR
2007,123600,1995,8,2,2,4,-1.0,3.0,588,990,0,8070,5,CollgCr
2006,109900,1950,7,2,2,4,-1.0,-1.0,0,1040,420,7200,12,NAmes
2006,98600,1961,12,2,2,5,-1.0,2.0,600,1235,480,8500,12,NAmes
2009,163500,2006,8,2,2,5,-1.0,3.0,713,964,432,13360,6,Crawfor
2007,133900,1998,11,2,2,6,3.0,2.0,1046,2291,506,7200,17,OldTown
2007,204750,1997,5,2,3,6,-1.0,3.0,648,1786,684,9337,5,CollgCr
2009,185000,1993,4,4,2,6,2.0,3.0,310,1470,420,9765,8,Gilbert
2006,214000,1999,8,3,3,7,-1.0,3.0,1162,1588,472,10264,5,CollgCr
2007,94750,1965,5,2,2,4,-1.0,2.0,520,960,432,10921,7,Edwards
2010,83000,1950,5,2,2,5,-1.0,2.0,108,835,366,10625,7,Edwards
2010,128950,1959,1,2,2,4,-1.0,2.0,569,1225,0,9320,12,NAmes
2010,205000,2001,2,2,3,6,2.0,2.0,1200,1610,480,10603,14,NWAmes
2010,178000,1985,6,3,3,6,2.0,3.0,0,1732,476,9206,20,SawyerW
2009,118964,1979,6,2,2,5,-1.0,-1.0,0,1535,410,7018,20,SawyerW
2010,198900,2009,5,2,3,7,-1.0,3.0,0,1226,740,10402,5,CollgCr
2007,169500,1950,6,2,2,7,2.0,2.0,224,1818,240,7758,9,IDOTRR
2008,250000,2004,8,3,3,8,3.0,4.0,0,1992,648,9375,21,Somerst
2007,100000,1995,8,2,2,4,-1.0,1.0,0,1047,273,10800,17,OldTown
2008,115000,1950,4,2,2,5,-1.0,2.0,104,789,250,6000,17,OldTown
2007,115000,2005,8,2,1,5,-1.0,2.0,0,1517,0,8500,9,IDOTRR
2010,190000,1977,1,2,2,6,2.0,3.0,705,1844,546,11751,14,NWAmes
2006,136900,1972,10,2,2,6,-1.0,2.0,444,1855,325,9525,7,Edwards
2010,180000,2000,4,2,2,7,2.0,3.0,250,1430,400,7750,8,Gilbert
2007,383970,2007,10,3,4,7,3.0,4.0,984,2696,792,9965,5,CollgCr
2007,217000,1953,10,2,3,6,3.0,3.0,35,2259,450,21000,6,Crawfor
2007,259500,2002,7,2,3,6,2.0,2.0,774,2320,180,7259,6,Crawfor
2007,176000,1999,6,2,2,6,1.0,3.0,419,1458,440,3230,21,Somerst
2009,139000,1962,9,2,2,5,0.0,2.0,170,1092,288,11616,19,Sawyer
2007,155000,2007,4,2,2,5,-1.0,3.0,0,1125,430,8536,7,Edwards
2010,320000,1990,5,2,3,7,2.0,3.0,1470,3222,594,12376,20,SawyerW
2006,163990,2006,7,3,3,6,3.0,3.0,0,1456,390,8461,5,CollgCr
2006,180000,1969,10,2,2,6,2.0,2.0,938,988,540,21453,4,ClearCr
2007,100000,1950,6,2,2,4,-1.0,2.0,0,1123,264,6060,9,IDOTRR
2008,136000,1958,6,2,2,6,-1.0,2.0,570,1080,288,9464,12,NAmes
2008,153900,1993,3,3,3,6,-1.0,3.0,300,1199,530,7892,20,SawyerW
2009,181000,1998,1,2,2,6,2.0,3.0,0,1586,435,17043,14,NWAmes
2006,84500,1982,6,2,2,6,-1.0,2.0,490,754,0,6780,9,IDOTRR
2007,128000,1976,2,2,2,6,2.0,3.0,120,958,440,4928,13,NPkVill
2007,87000,1950,6,2,2,5,2.0,2.0,116,840,0,4388,17,OldTown
2006,155000,1966,7,2,2,6,1.0,2.0,512,1348,453,7590,12,NAmes
2006,150000,1991,7,2,4,5,-1.0,2.0,567,1053,750,8973,12,NAmes
2006,226000,1966,5,2,3,7,3.0,2.0,445,2157,487,14200,12,NAmes
2009,244000,2000,7,3,3,6,2.0,3.0,695,2054,390,12224,8,Gilbert
2007,150750,2002,7,2,3,5,-1.0,2.0,405,1327,624,7388,12,NAmes
2009,220000,2002,6,3,3,8,-1.0,4.0,1005,1296,471,6853,23,Timber
2006,180000,1993,7,2,2,5,2.0,2.0,570,1721,440,10335,19,Sawyer
2008,174000,1970,5,2,2,7,3.0,2.0,0,1682,530,10400,14,NWAmes
2007,143000,1967,7,2,2,5,1.0,2.0,695,1214,318,10355,12,NAmes
2006,171000,1989,7,2,2,7,-1.0,2.0,0,1959,766,11070,11,Mitchel
2008,230000,2000,12,3,3,8,2.0,3.0,668,1852,660,9066,5,CollgCr
2009,231500,1997,8,2,3,6,-1.0,3.0,821,1764,470,15426,5,CollgCr
2010,115000,1971,4,2,2,4,0.0,2.0,432,864,0,10500,12,NAmes
2006,260000,2005,1,3,3,7,-1.0,3.0,1300,1734,660,11645,5,CollgCr
2010,166000,1952,6,2,2,5,-1.0,2.0,507,1385,720,8520,12,NAmes
2009,204000,1999,6,3,3,7,-1.0,3.0,679,1501,577,10335,5,CollgCr
2006,125000,1963,11,2,2,5,-1.0,2.0,1332,1728,504,9100,19,Sawyer
2006,130000,2006,4,3,3,6,-1.0,3.0,0,1709,380,2522,7,Edwards
2009,105000,1993,11,2,2,5,-1.0,2.0,209,875,180,6120,3,BrkSide
2010,222500,2001,5,3,3,7,3.0,3.0,0,2035,434,9505,8,Gilbert
2008,141000,2005,4,2,3,7,-1.0,3.0,680,1080,0,7500,20,SawyerW
2006,115000,1950,4,2,2,5,-1.0,3.0,0,1344,240,6240,3,BrkSide
2007,122000,1975,1,2,2,5,-1.0,2.0,716,969,440,10356,5,CollgCr
2008,372402,2008,1,3,3,8,3.0,4.0,1400,1710,866,13891,16,NridgHt
2006,190000,1971,6,2,2,6,3.0,2.0,416,1993,495,14803,14,NWAmes
2008,235000,1975,3,2,2,6,3.0,3.0,429,1252,564,13500,4,ClearCr
2006,125000,1950,3,2,2,6,-1.0,2.0,0,1200,312,11340,17,OldTown
2008,79000,1950,4,2,2,6,-1.0,2.0,0,1096,0,9600,7,Edwards
2006,109500,1950,6,2,2,5,-1.0,-1.0,0,1040,625,7200,12,NAmes
2010,269500,2010,5,3,4,8,3.0,4.0,0,1968,680,12003,23,Timber
2010,254900,2005,5,3,3,7,3.0,3.0,222,1947,678,12552,21,Somerst
2006,320000,2006,3,3,3,7,3.0,3.0,57,2462,576,19378,8,Gilbert
2008,162500,1984,6,2,2,6,-1.0,3.0,660,1232,516,11120,24,Veenker
2008,412500,2004,3,3,4,9,3.0,4.0,1016,2668,726,13688,16,NridgHt
2010,220000,2005,5,3,3,7,3.0,3.0,1201,1541,532,12182,16,NridgHt
2007,103200,1956,4,2,2,4,-1.0,2.0,0,882,0,5500,17,OldTown
2007,152000,2004,10,2,3,6,-1.0,2.0,370,1616,216,5400,17,OldTown
2008,127500,1999,9,2,2,5,-1.0,2.0,351,1355,0,10106,7,Edwards
2009,190000,1993,11,3,2,5,3.0,2.0,379,1867,303,10708,4,ClearCr
2007,325624,2007,11,3,4,8,3.0,4.0,1288,2161,789,10562,16,NridgHt
2007,183500,2004,5,3,3,7,3.0,3.0,0,1720,440,8244,8,Gilbert
2006,228000,1981,1,3,2,8,2.0,3.0,0,1707,511,16669,23,Timber
2007,128500,1950,5,2,2,5,-1.0,2.0,360,1382,660,12358,17,OldTown
2010,215000,1960,5,2,2,6,3.0,2.0,639,1656,528,31770,12,NAmes
2006,239000,1987,6,3,3,7,2.0,3.0,495,1767,504,5306,22,StoneBr
2008,163000,1961,6,2,2,6,2.0,2.0,288,1362,504,10197,12,NAmes
2008,184000,1986,11,2,2,6,2.0,3.0,1398,1651,616,12416,23,Timber
2007,243000,2001,6,2,3,6,3.0,2.0,477,2158,576,12615,7,Edwards
2007,211000,1989,9,3,2,6,2.0,3.0,831,2060,521,10029,4,ClearCr
2006,172500,1958,7,3,3,5,3.0,2.0,57,1920,451,13650,19,Sawyer
2009,501837,2009,7,4,4,9,3.0,4.0,1904,2234,1166,17423,22,StoneBr
2007,100000,2006,7,3,2,5,-1.0,2.0,0,968,480,8520,17,OldTown
2007,177000,2000,6,3,3,6,2.0,3.0,436,1525,440,2117,21,Somerst
2006,200100,1950,7,2,2,7,3.0,1.0,352,1802,216,7588,6,Crawfor
2007,120000,2006,6,2,2,5,3.0,-1.0,0,1340,252,9060,7,Edwards
2008,200000,2003,6,2,3,7,-1.0,3.0,0,2082,484,11426,17,OldTown
2006,127000,1991,6,2,2,5,-1.0,1.0,0,1252,576,7438,3,BrkSide
2006,475000,1993,6,3,4,10,2.0,2.0,0,3608,840,22950,17,OldTown
2009,173000,1991,6,2,3,7,-1.0,3.0,611,1217,497,9947,11,Mitchel
2009,135000,1987,8,2,2,5,-1.0,1.0,0,1656,180,10410,17,OldTown
2009,153337,1979,6,2,2,5,2.0,3.0,1086,1224,528,7018,20,SawyerW
2008,286000,2002,8,3,4,8,3.0,4.0,1153,1593,682,4923,22,StoneBr
2007,315000,1994,12,3,3,8,2.0,3.0,297,2727,440,10570,6,Crawfor
2007,184000,2004,6,2,3,7,-1.0,2.0,626,1479,484,7472,12,NAmes
2009,192000,1999,9,3,3,7,-1.0,3.0,560,1431,666,9017,5,CollgCr
2006,130000,2004,5,3,3,7,-1.0,3.0,0,1709,380,2522,7,Edwards
2008,127000,1972,5,2,2,5,-1.0,2.0,390,864,352,7180,5,CollgCr
2009,148500,1976,7,2,2,6,2.0,3.0,566,1456,440,2280,13,NPkVill
2007,311872,2007,9,4,4,7,3.0,4.0,1126,1726,786,9416,21,Somerst
2006,235000,1990,3,3,3,8,4.0,2.0,1036,3112,795,25419,12,NAmes
2009,104000,1950,7,2,2,6,-1.0,2.0,0,2229,0,5520,17,OldTown
2009,274900,2005,1,3,4,8,3.0,4.0,1088,1713,856,9591,16,NridgHt
2010,140000,2004,3,2,2,4,-1.0,3.0,0,1121,440,8546,7,Edwards
2008,171500,1977,2,2,2,6,1.0,2.0,641,1279,473,10125,11,Mitchel
2006,112000,1950,5,2,2,6,-1.0,1.0,617,1310,398,7000,17,OldTown
2008,149000,2004,1,3,3,6,3.0,3.0,662,848,420,4438,5,CollgCr
2009,110000,1950,4,2,2,5,-1.0,2.0,312,1284,240,3500,17,OldTown
2009,180500,1990,5,2,2,7,-1.0,3.0,0,1442,500,11851,8,Gilbert
2007,143900,1962,3,2,2,5,2.0,2.0,0,1696,349,13673,19,Sawyer
2008,141000,1960,4,2,2,4,0.0,2.0,419,1100,312,12493,12,NAmes
2007,277000,1989,4,3,2,7,3.0,3.0,1065,2062,454,14364,20,SawyerW
2008,145000,1964,7,2,2,6,-1.0,3.0,787,1092,504,8250,12,NAmes
2008,98000,1950,4,2,2,5,-1.0,2.0,468,864,0,5604,7,Edwards
2010,186000,2009,3,2,3,6,-1.0,3.0,36,1212,460,10420,7,Edwards
2009,252678,2009,7,2,3,7,2.0,3.0,822,1852,644,8640,21,Somerst
2006,156000,1995,7,2,2,5,-1.0,3.0,716,990,576,13568,5,CollgCr
2010,161750,1977,3,2,2,6,-1.0,3.0,378,1392,299,10900,5,CollgCr
2006,134450,1996,5,2,3,5,1.0,2.0,360,1236,447,10011,12,NAmes
2008,210000,2004,4,3,3,7,-1.0,3.0,946,1436,484,8450,5,CollgCr
2006,107000,1950,9,2,2,4,-1.0,2.0,0,1328,210,9906,17,OldTown
2008,311500,2006,5,3,3,7,2.0,2.0,341,1954,431,15660,6,Crawfor
2006,167240,2006,3,3,3,7,-1.0,3.0,16,1248,438,3010,0,Blmngtn
2006,204900,2006,4,3,3,7,-1.0,3.0,0,1498,675,8990,5,CollgCr
2009,200000,2002,12,3,3,6,2.0,3.0,0,2267,390,8068,8,Gilbert
2006,179900,1975,2,2,2,6,2.0,3.0,550,1552,434,11475,14,NWAmes
2009,97000,1971,3,2,2,4,-1.0,2.0,524,864,576,10500,12,NAmes
2009,386250,2003,6,4,4,10,4.0,4.0,56,2392,968,13472,16,NridgHt
2009,112000,1971,5,2,2,5,-1.0,2.0,0,1302,280,1680,2,BrDale
2007,290000,1995,6,3,3,7,2.0,3.0,565,2520,721,9950,15,NoRidge
2008,106000,1970,9,2,2,6,-1.0,2.0,321,987,280,1869,2,BrDale
2010,125000,1967,5,2,2,5,1.0,2.0,842,912,336,8521,19,Sawyer
2009,192500,2006,5,3,3,7,2.0,3.0,16,1555,430,3182,0,Blmngtn
2010,148000,1959,4,2,2,6,-1.0,2.0,0,1194,312,8760,12,NAmes
2009,403000,1996,7,3,4,8,2.0,3.0,689,2794,810,15138,15,NoRidge
2006,94500,1972,6,2,2,6,0.0,2.0,0,987,288,1680,2,BrDale
2010,128200,1976,2,2,2,5,-1.0,2.0,182,894,308,10650,5,CollgCr
2010,216500,2002,5,3,3,6,2.0,3.0,625,1960,440,7851,8,Gilbert
2008,89500,1971,8,2,2,6,-1.0,2.0,358,987,264,1680,2,BrDale
2010,185500,2004,5,3,3,7,-1.0,3.0,24,1414,494,8773,5,CollgCr
2010,194500,2003,2,3,3,7,-1.0,3.0,402,1744,457,9453,20,SawyerW
2007,318000,2007,12,4,3,8,-1.0,4.0,0,1694,818,12030,16,NridgHt
2010,113000,1950,4,2,2,6,3.0,2.0,94,1487,220,8741,7,Edwards
2010,262500,2008,4,3,3,8,-1.0,3.0,1078,1566,750,9000,21,Somerst
2007,110500,1997,8,2,3,5,-1.0,2.0,329,866,0,3880,17,OldTown
2006,79000,1950,4,2,2,5,-1.0,2.0,0,1440,352,5000,17,OldTown
2009,120000,1980,4,2,2,6,2.0,3.0,0,1217,288,10762,20,SawyerW
2010,205000,2002,5,3,3,7,1.0,3.0,695,2110,463,8880,20,SawyerW
2006,241500,1988,6,2,2,7,2.0,3.0,929,1872,604,10400,14,NWAmes
2006,137000,1950,4,2,1,6,-1.0,1.0,0,1928,440,9142,17,OldTown
2006,140000,1954,6,2,2,6,2.0,2.0,0,1375,451,11310,12,NAmes
2007,180000,2003,9,3,3,7,-1.0,3.0,0,1668,500,11317,5,CollgCr
2010,76500,1966,5,2,1,3,-1.0,2.0,0,1306,0,5350,3,BrkSide
2007,235000,2007,12,3,3,8,3.0,3.0,1573,1625,538,4750,6,Crawfor
2008,173000,2004,12,3,3,6,-1.0,3.0,0,1640,520,8366,20,SawyerW
2007,158000,1991,10,2,3,6,-1.0,3.0,270,1302,309,9350,12,NAmes
2010,145000,1957,6,2,2,5,-1.0,2.0,922,1314,294,8400,12,NAmes
2006,230000,1999,2,3,3,7,2.0,3.0,0,2291,429,8738,8,Gilbert
2008,207500,2003,5,3,3,6,-1.0,3.0,503,1728,673,8791,21,Somerst
2009,220000,2006,3,3,3,7,3.0,3.0,1334,1604,660,8814,5,CollgCr
2008,231500,2001,5,3,3,7,2.0,3.0,361,1792,564,12435,5,CollgCr
2008,97000,1956,12,2,2,5,-1.0,-1.0,0,882,308,12702,17,OldTown
2009,176000,1962,5,2,2,6,2.0,2.0,672,1382,884,19296,12,NAmes
2007,276000,2007,11,3,4,8,3.0,4.0,0,2574,868,9588,5,CollgCr
2006,151000,1995,7,2,2,6,2.0,3.0,506,1212,492,8471,19,Sawyer
2010,130000,2001,4,2,2,5,-1.0,2.0,234,1316,484,5500,17,OldTown
2008,73000,2004,6,2,2,5,-1.0,1.0,0,764,504,5232,17,OldTown
2008,175500,1981,6,2,3,6,2.0,3.0,588,1422,576,12090,14,NWAmes
2006,185000,1997,6,2,2,6,2.0,3.0,714,1511,413,11207,8,Gilbert
2008,179500,1997,7,2,3,5,3.0,2.0,378,2192,240,8400,18,SWISU
2008,120500,1955,2,2,2,5,3.0,2.0,403,778,924,6900,9,IDOTRR
2007,148000,1976,5,2,2,6,1.0,2.0,751,1113,504,7917,7,Edwards
2006,266000,2006,8,3,3,8,3.0,3.0,0,1939,1053,10728,21,Somerst
2008,241500,2005,4,2,2,7,2.0,3.0,226,1363,439,39104,4,ClearCr
2010,290000,2007,4,3,3,8,3.0,3.0,524,2270,671,11764,15,NoRidge
2009,139000,1988,4,2,2,6,3.0,2.0,620,1632,338,9600,12,NAmes
2007,124500,1982,6,2,2,5,-1.0,2.0,546,816,264,8314,11,Mitchel
2009,205000,2007,10,3,4,7,-1.0,2.0,0,1548,672,7264,3,BrkSide
2010,201000,2003,4,3,3,7,-1.0,4.0,0,1560,573,9196,11,Mitchel
2010,141000,1951,6,2,2,4,-1.0,2.0,120,864,400,19138,8,Gilbert
2007,415298,2007,5,4,4,9,4.0,4.0,0,2121,732,14450,16,NridgHt
2008,192000,1977,3,2,2,7,2.0,3.0,392,2022,505,10005,4,ClearCr
2007,228500,1989,1,3,3,7,2.0,3.0,421,1982,575,11287,20,SawyerW
2006,185000,2006,5,3,3,6,-1.0,3.0,905,1262,572,7200,21,Somerst
2009,207500,2008,4,3,3,7,3.0,3.0,904,1314,626,5063,16,NridgHt
2009,244600,2009,12,3,3,8,3.0,3.0,0,1468,898,9612,21,Somerst
2007,179200,1992,7,3,3,6,-1.0,3.0,430,1575,529,8012,20,SawyerW
2007,164700,2007,6,3,3,7,-1.0,3.0,0,1250,528,4251,21,Somerst
2006,159000,1981,6,2,3,6,3.0,2.0,600,1734,440,9786,12,NAmes
2006,88000,1971,6,2,2,4,-1.0,2.0,614,858,0,8125,12,NAmes
2010,122000,1967,2,2,2,5,-1.0,2.0,450,900,280,9819,19,Sawyer
2007,153575,2003,7,2,2,6,-1.0,2.0,0,1396,384,8730,3,BrkSide
2006,233230,2006,7,3,3,8,3.0,3.0,0,1919,685,15611,5,CollgCr
2008,135900,2000,3,2,1,5,-1.0,2.0,210,1716,0,5687,18,SWISU
2009,131000,2008,1,2,2,5,3.0,2.0,292,1716,281,11409,7,Edwards
2006,235000,1994,3,2,3,7,2.0,2.0,795,2263,539,16659,14,NWAmes
2009,167000,1953,10,2,2,6,3.0,2.0,1285,1644,418,9600,12,NAmes
2006,142500,1984,3,2,2,6,-1.0,2.0,819,1003,588,7937,11,Mitchel
2007,152000,1950,6,2,2,5,-1.0,2.0,420,1558,282,13710,9,IDOTRR
2007,239000,1998,6,3,3,7,2.0,3.0,649,1950,576,7399,21,Somerst
2007,175000,1968,6,3,2,6,3.0,2.0,384,1743,539,11700,14,NWAmes
2009,158500,2004,8,2,3,6,3.0,2.0,0,1152,300,14000,6,Crawfor
2006,157000,1953,6,2,2,5,3.0,2.0,841,1336,375,15750,6,Crawfor
2007,267000,1999,5,3,3,8,2.0,3.0,281,2452,683,16226,5,CollgCr
2006,205000,2002,1,3,3,7,2.0,3.0,0,1541,843,13704,5,CollgCr
2006,149900,1972,7,2,2,5,-1.0,2.0,894,894,552,9800,5,CollgCr
2008,295000,2002,5,2,3,7,4.0,2.0,0,3493,870,18386,17,OldTown
2007,305900,2005,7,3,3,8,-1.0,3.0,1464,2000,888,10386,5,CollgCr
2007,225000,1991,6,3,3,7,2.0,3.0,700,2243,746,13474,20,SawyerW
2008,89500,1950,3,2,1,6,-1.0,2.0,0,1406,0,7920,9,IDOTRR
2009,82500,1950,3,2,2,4,-1.0,2.0,262,861,539,12342,7,Edwards
2006,360000,2004,11,3,4,9,4.0,4.0,1274,1944,708,12378,16,NridgHt
2006,165600,1994,5,2,3,6,2.0,3.0,518,1501,420,7685,8,Gilbert
2009,132000,2002,5,2,2,6,3.0,2.0,680,972,240,8000,12,NAmes
2006,119900,1950,5,2,2,5,3.0,3.0,507,1118,410,7800,17,OldTown
2006,178000,1990,8,2,4,7,3.0,2.0,16,1641,546,9600,17,OldTown
2009,188500,2005,7,3,3,7,3.0,3.0,425,1432,432,7795,8,Gilbert
2009,260000,1980,8,3,4,7,2.0,3.0,692,2353,484,13005,14,NWAmes
2007,270000,2006,12,3,3,8,3.0,3.0,0,1959,1025,9000,21,Somerst
2009,260000,1993,4,3,3,7,2.0,3.0,987,2646,656,9900,15,NoRidge
2009,187500,1980,6,2,2,7,2.0,3.0,1036,1472,588,14115,14,NWAmes
2006,342643,2006,9,2,3,9,-1.0,4.0,0,2596,840,16259,16,NridgHt
2007,354000,2004,6,3,3,8,3.0,4.0,970,2468,872,12099,16,NridgHt
2007,301000,1987,8,3,3,7,2.0,2.0,28,2730,576,10380,20,SawyerW
2006,126175,2005,7,2,2,3,-1.0,2.0,256,1163,220,5820,17,OldTown
2010,242000,2007,6,3,3,7,3.0,3.0,0,2978,564,11275,12,NAmes
2007,87000,1950,12,2,2,5,-1.0,2.0,116,803,360,5000,9,IDOTRR
2008,324000,1993,5,3,3,8,3.0,3.0,1619,1719,473,10846,24,Veenker
2006,145250,1960,4,2,2,6,-1.0,2.0,565,1383,292,11600,12,NAmes
2009,214500,1994,7,2,3,6,-1.0,2.0,0,2134,441,11888,3,BrkSide
2009,78000,1950,7,2,2,5,-1.0,2.0,0,1192,189,6402,9,IDOTRR
2007,119000,1964,11,2,2,5,-1.0,2.0,40,1728,352,10624,12,NAmes
2007,139000,1992,8,2,2,5,-1.0,2.0,846,1056,308,8176,12,NAmes
2009,284000,2004,10,3,3,8,3.0,3.0,1124,1629,880,10655,16,NridgHt
2008,207000,2004,7,3,3,7,3.0,3.0,720,1358,484,8198,16,NridgHt
2008,192000,1998,7,2,2,6,2.0,3.0,828,1638,472,9042,8,Gilbert
2007,377426,2006,7,3,3,9,3.0,4.0,1249,1922,676,14157,22,StoneBr
2008,214000,2003,12,3,3,7,-1.0,3.0,810,1536,532,9135,5,CollgCr
2006,202500,1998,5,3,3,7,-1.0,3.0,213,1621,440,14145,14,NWAmes
2009,155000,1998,6,2,2,6,-1.0,2.0,585,1215,297,12400,12,NAmes
2010,202900,2002,4,3,3,8,-1.0,3.0,0,1908,431,14191,23,Timber
2009,82000,1950,9,1,2,4,-1.0,2.0,0,841,294,8400,20,SawyerW
2006,87500,1950,5,2,2,3,-1.0,-1.0,0,1040,400,8544,12,NAmes
2008,266000,2005,7,4,4,9,4.0,4.0,28,1684,564,8849,16,NridgHt
2010,85000,1976,4,2,2,5,-1.0,3.0,129,1112,336,2592,10,MeadowV
2006,140200,1950,10,2,1,6,3.0,2.0,0,1577,312,6435,3,BrkSide
2007,151500,1998,4,2,2,6,-1.0,2.0,498,958,301,12772,12,NAmes
2009,157500,1960,12,2,2,6,3.0,2.0,1270,1478,498,17600,12,NAmes
2008,154000,2004,10,3,3,7,-1.0,3.0,573,1626,474,2448,16,NridgHt
2006,437154,2006,4,4,4,9,4.0,4.0,1410,2728,706,20431,16,NridgHt
2007,318061,2007,12,4,4,9,3.0,4.0,0,1869,617,7820,16,NridgHt
2006,190000,1986,12,2,3,7,2.0,3.0,1082,1453,445,5271,4,ClearCr
2008,95000,1950,3,2,2,5,-1.0,2.0,236,1111,200,9084,7,Edwards
2010,105900,2003,5,2,2,6,-1.0,2.0,0,720,484,8520,17,OldTown
2006,140000,2000,6,2,2,6,3.0,2.0,388,1595,240,8400,18,SWISU
2007,177500,1995,8,3,3,6,-1.0,3.0,334,1200,521,11249,5,CollgCr
2009,173000,1992,7,2,3,6,-1.0,3.0,560,1167,400,9248,8,Gilbert
2007,134000,1976,8,2,2,5,0.0,3.0,874,1142,528,4224,10,MeadowV
2006,130000,1958,7,2,3,5,-1.0,2.0,300,1352,288,6930,4,ClearCr
2006,280000,1998,6,3,3,8,2.0,3.0,956,1924,592,12011,15,NoRidge
2007,156000,1978,6,2,2,6,2.0,3.0,773,912,470,7540,11,Mitchel
2008,145000,1982,7,2,2,5,-1.0,2.0,399,1505,240,9144,3,BrkSide
2009,198500,2003,7,3,3,7,4.0,-1.0,0,1922,672,7301,7,Edwards
2009,118000,2007,5,2,3,6,-1.0,2.0,162,987,264,1680,2,BrDale
2006,190000,1976,7,2,2,6,2.0,3.0,712,1574,566,18800,14,NWAmes
2009,147000,1997,7,2,2,5,-1.0,2.0,456,1344,468,10690,9,IDOTRR
2009,159000,1963,7,2,2,6,3.0,3.0,609,1394,514,9500,12,NAmes
2008,165000,1962,12,2,2,6,3.0,3.0,371,1431,296,9150,12,NAmes
2010,132000,1954,3,2,2,5,3.0,2.0,540,1268,244,7800,12,NAmes
2010,162000,2006,3,2,3,5,3.0,2.0,72,1287,576,9830,12,NAmes
2006,172400,2000,1,2,2,6,2.0,3.0,0,1664,460,8121,8,Gilbert
2008,134432,1959,7,2,2,4,3.0,-1.0,0,1588,680,17120,4,ClearCr
2010,125000,1984,2,2,2,6,-1.0,3.0,623,752,264,7175,20,SawyerW
2009,123000,1953,11,2,2,5,-1.0,2.0,428,1319,270,10634,12,NAmes
2007,219500,2004,7,3,3,7,3.0,3.0,0,1928,434,8200,5,CollgCr
2009,61000,1950,3,1,1,1,-1.0,1.0,350,904,0,10020,7,Edwards
2006,148000,1996,7,3,2,5,-1.0,3.0,298,914,576,8846,5,CollgCr
2007,340000,2005,12,3,3,8,3.0,3.0,0,2466,610,11143,21,Somerst
2010,394432,2010,6,3,4,9,4.0,4.0,1445,1856,834,11394,22,StoneBr
2009,179000,2000,6,2,2,6,2.0,3.0,0,1800,463,8123,8,Gilbert
2010,127000,1950,5,2,3,5,3.0,2.0,218,1691,308,5000,18,SWISU
2006,187750,2006,8,3,3,7,3.0,3.0,0,1301,572,7200,21,Somerst
2007,213500,2006,4,3,3,7,-1.0,3.0,0,1797,639,9245,5,CollgCr
2009,76000,1950,10,2,2,6,-1.0,1.0,0,784,360,9000,20,SawyerW
2007,240000,1992,6,3,3,6,1.0,3.0,985,1953,501,53107,4,ClearCr
2010,192000,2005,4,3,3,8,2.0,3.0,24,1269,430,3182,0,Blmngtn
2006,81000,1996,5,2,2,5,-1.0,2.0,0,1184,0,8410,7,Edwards
2009,125000,1976,10,2,2,6,1.0,2.0,631,1125,352,7200,7,Edwards
2008,191000,2000,7,3,3,7,-1.0,3.0,0,1479,577,9382,5,CollgCr
2008,426000,2008,8,4,4,10,4.0,4.0,1280,2332,846,12474,16,NridgHt
2008,119000,1950,4,2,2,5,-1.0,2.0,241,1367,384,8405,7,Edwards
2009,215000,2002,6,2,3,6,2.0,4.0,690,1961,560,12209,11,Mitchel
2007,106500,1959,7,2,2,5,-1.0,-1.0,0,882,294,8339,12,NAmes
2006,100000,1950,4,2,2,4,2.0,2.0,266,788,0,7446,3,BrkSide
2007,109000,1950,7,2,2,5,-1.0,2.0,0,1034,240,10134,17,OldTown
2010,129000,1956,6,2,2,5,-1.0,2.0,739,1144,596,9571,7,Edwards
2009,123000,1972,9,2,2,5,-1.0,2.0,777,894,600,7200,5,CollgCr
2007,169500,1962,7,2,2,5,2.0,2.0,540,1812,264,7590,12,NAmes
2007,67000,1950,11,2,2,5,-1.0,1.0,0,1077,338,8967,9,IDOTRR
2009,241000,2007,10,3,3,7,-1.0,3.0,812,1550,438,8125,21,Somerst
2008,245500,1996,12,3,4,8,3.0,3.0,786,1288,500,14963,24,Veenker
2006,164990,2005,7,3,3,7,3.0,3.0,24,1310,400,8767,5,CollgCr
2008,108000,1997,8,2,2,5,-1.0,2.0,0,672,240,10200,19,Sawyer
2006,258000,1998,7,3,3,8,2.0,3.0,0,2263,420,12090,15,NoRidge
2007,168000,1996,5,2,2,6,2.0,3.0,0,1572,373,10364,8,Gilbert
2009,150000,1993,6,2,2,4,2.0,2.0,1116,1620,490,9991,19,Sawyer
2008,115000,1950,3,2,2,6,-1.0,2.0,0,1639,240,10480,18,SWISU
2008,177000,1976,3,2,2,6,-1.0,3.0,0,1680,308,15576,6,Crawfor
2007,280000,2006,8,3,3,7,3.0,4.0,0,2172,947,14154,16,NridgHt
2008,339750,2008,4,3,4,8,3.0,4.0,789,2078,836,10800,21,Somerst
2009,60000,1958,6,2,2,5,-1.0,2.0,0,1276,350,9571,7,Edwards
2006,145000,1955,1,2,2,5,-1.0,2.0,1056,1056,572,34650,8,Gilbert
2010,222000,2009,6,4,3,7,3.0,4.0,578,1478,484,4403,21,Somerst
2010,115000,1950,3,2,2,5,3.0,2.0,0,1028,360,8960,17,OldTown
2008,228000,1993,12,3,3,7,2.0,3.0,50,2097,678,11228,20,SawyerW
2007,181134,2007,8,3,3,7,-1.0,3.0,24,1340,396,8899,8,Gilbert
2006,149500,1978,3,2,2,6,2.0,2.0,209,1400,440,7844,19,Sawyer
2007,239000,1950,11,2,2,6,3.0,3.0,1128,2624,864,22420,6,Crawfor
2007,126000,1950,4,2,2,5,-1.0,2.0,312,1134,240,8160,7,Edwards
2010,142000,1968,7,2,2,5,1.0,2.0,775,1056,304,8450,12,NAmes
2008,206300,1998,11,2,2,7,-1.0,3.0,1309,1344,784,7060,11,Mitchel
2009,215000,2000,6,3,3,6,2.0,3.0,1246,1602,529,16635,14,NWAmes
2008,113000,1954,2,2,2,5,-1.0,2.0,0,988,520,21750,11,Mitchel
2008,315000,1998,6,3,3,8,2.0,3.0,986,2630,696,9200,15,NoRidge
2008,139000,1956,5,2,2,6,3.0,3.0,616,1196,297,9000,12,NAmes
2009,135000,1992,9,2,2,7,3.0,2.0,0,1389,240,3378,17,OldTown
2009,275000,1989,8,3,3,7,2.0,3.0,1518,1644,569,12800,20,SawyerW
2008,109008,1957,7,2,2,4,-1.0,2.0,288,907,352,8593,12,NAmes
2007,195400,2007,9,3,3,7,-1.0,3.0,664,1208,628,6762,5,CollgCr
2009,175000,1988,3,2,3,6,2.0,3.0,1005,1412,576,11457,23,Timber
2008,85400,1971,7,2,2,6,-1.0,2.0,387,987,264,1680,2,BrDale
2008,79900,1998,9,2,2,6,-1.0,2.0,0,1198,0,5586,17,OldTown
2007,122500,1971,8,2,2,5,-1.0,2.0,471,1365,440,1920,2,BrDale
2008,181000,1998,7,2,2,6,2.0,3.0,0,1604,470,10839,8,Gilbert
2008,81000,1972,6,2,2,4,-1.0,3.0,495,630,0,1890,10,MeadowV
2009,212000,1996,4,3,3,7,2.0,3.0,385,1661,550,10667,5,CollgCr
2006,116000,1950,10,2,2,6,-1.0,1.0,0,1118,440,4400,17,OldTown
2009,119000,2004,1,3,2,6,-1.0,2.0,0,904,180,6000,3,BrkSide
2007,90350,2002,3,2,3,5,3.0,2.0,365,694,352,4280,6,Crawfor
2009,110000,2000,8,2,3,6,-1.0,2.0,0,1196,528,12354,7,Edwards
2009,555000,2008,4,4,4,10,3.0,4.0,1767,2402,672,15431,16,NridgHt
2008,118000,1955,9,2,1,4,-1.0,2.0,133,1440,0,12108,7,Edwards
2008,162900,1992,6,2,2,5,3.0,2.0,0,1573,360,6240,3,BrkSide
2007,172500,2007,6,3,3,7,3.0,4.0,0,1258,648,3922,0,Blmngtn
2008,210000,1995,7,3,3,7,2.0,3.0,642,1908,493,8750,5,CollgCr
2009,127500,1956,11,2,2,6,3.0,2.0,0,1689,480,9855,7,Edwards
2010,190000,2002,6,3,3,6,3.0,2.0,247,1888,578,16492,12,NAmes
2006,199900,1999,7,3,3,7,2.0,3.0,0,1886,431,11214,8,Gilbert
2006,119500,1950,6,2,2,6,3.0,2.0,0,1376,198,8600,9,IDOTRR
2007,120000,2002,6,2,2,3,-1.0,2.0,331,1183,308,6000,17,OldTown
2006,110000,2005,6,2,3,6,-1.0,2.0,0,813,270,5684,17,OldTown
2006,280000,1975,12,2,3,7,2.0,3.0,655,1533,576,70761,4,ClearCr
2007,204000,1997,7,3,2,6,-1.0,4.0,742,1756,422,9303,23,Timber
2009,210000,2008,6,3,3,8,-1.0,3.0,0,1590,676,9000,21,Somerst
2006,188000,1976,7,2,2,5,-1.0,2.0,1606,1728,560,9297,11,Mitchel
2007,175500,1973,9,2,2,7,2.0,2.0,916,1242,528,9600,14,NWAmes
2008,98000,1950,5,2,2,5,-1.0,2.0,0,1344,513,4571,17,OldTown
2008,256000,1994,3,2,3,4,3.0,3.0,1116,1663,529,53227,4,ClearCr
2008,161000,1996,6,2,3,8,3.0,2.0,0,1666,228,5100,17,OldTown
2009,110000,1950,7,2,3,5,2.0,2.0,185,1203,352,7015,3,BrkSide
2009,263435,2009,12,3,2,8,-1.0,3.0,544,1935,552,8004,21,Somerst
2009,155000,2007,4,3,3,7,-1.0,3.0,350,1135,576,7200,18,SWISU
2009,62383,1965,12,2,2,5,0.0,2.0,553,864,360,8281,19,Sawyer
2008,188700,1995,8,2,2,6,3.0,2.0,326,1660,240,11988,6,Crawfor
2009,124000,1978,8,2,2,5,-1.0,3.0,616,1040,0,8430,5,CollgCr
2006,178740,2004,5,3,3,7,2.0,3.0,0,1414,398,3072,0,Blmngtn
2007,167000,1970,4,2,2,7,0.0,2.0,778,1277,526,10628,12,NAmes
2007,146500,1995,6,2,3,5,3.0,2.0,386,1644,312,9480,12,NAmes
2007,250000,2006,5,3,3,8,3.0,3.0,0,1634,866,11428,16,NridgHt
2008,187000,1993,6,3,3,6,-1.0,3.0,426,1710,506,9291,20,SawyerW
2010,212000,1985,6,3,3,8,-1.0,3.0,368,1502,528,6820,22,StoneBr
2007,190000,1977,11,2,2,7,3.0,3.0,0,1969,534,11952,14,NWAmes
2008,148000,2005,6,2,2,6,-1.0,3.0,459,1072,525,3675,7,Edwards
2007,440000,2007,7,3,3,8,4.0,4.0,1350,1976,908,14977,16,NridgHt
2007,251000,2000,8,3,4,8,-1.0,3.0,1196,1652,499,5330,22,StoneBr
2007,132500,1963,7,2,2,5,-1.0,2.0,630,970,624,8480,19,Sawyer
2008,208900,1998,4,2,3,6,2.0,3.0,994,1493,508,13125,5,CollgCr
2007,380000,2006,3,4,4,9,3.0,3.0,0,2643,694,13693,16,NridgHt
2009,297000,2008,9,3,3,8,3.0,4.0,1288,1718,826,10637,5,CollgCr
2007,89471,2000,3,2,2,4,-1.0,1.0,168,1131,672,5925,17,OldTown
2006,326000,2005,3,3,3,9,3.0,4.0,1261,1850,772,16033,16,NridgHt
2006,374000,2004,8,3,4,9,3.0,4.0,1567,1792,874,11846,16,NridgHt
2009,155000,2005,6,3,4,7,3.0,2.0,299,1826,164,2500,17,OldTown
2006,164000,1998,5,2,2,6,-1.0,4.0,897,1216,402,4500,11,Mitchel
2007,132500,2001,3,2,3,5,-1.0,2.0,588,999,264,7758,19,Sawyer
2009,147000,2007,7,3,3,5,3.0,2.0,607,1113,264,9600,12,NAmes
2007,156000,1965,6,2,2,5,-1.0,2.0,836,1073,515,10289,12,NAmes
2007,175000,1971,2,2,2,5,2.0,3.0,998,1484,487,12243,14,NWAmes
2006,160000,1970,5,2,2,5,3.0,2.0,664,2414,520,10800,17,OldTown
2009,86000,2002,5,2,3,4,-1.0,3.0,515,630,286,1526,10,MeadowV
2008,115000,1976,6,2,2,5,3.0,3.0,0,1304,336,2665,10,MeadowV
2006,133000,1950,8,2,1,6,2.0,2.0,403,1578,240,9490,12,NAmes
2006,172785,2006,5,3,2,6,-1.0,3.0,0,1456,429,15578,8,Gilbert
2008,155000,1960,6,2,2,5,1.0,2.0,374,1269,308,7931,12,NAmes
2009,91300,1996,12,2,2,5,-1.0,1.0,0,886,273,5784,17,OldTown
2009,34900,1950,11,2,2,4,-1.0,2.0,495,720,0,7879,9,IDOTRR
2007,430000,1993,5,3,3,8,3.0,3.0,1231,3228,546,12692,15,NoRidge
2008,184000,1950,6,2,2,7,-1.0,2.0,329,1820,240,9120,3,BrkSide
2009,130000,2004,6,2,3,5,-1.0,2.0,450,899,288,7800,19,Sawyer
2007,120000,1985,6,2,2,5,-1.0,2.0,111,912,297,7535,12,NAmes
2007,113000,1973,5,2,2,6,-1.0,2.0,356,1218,264,1890,2,BrDale
2008,226700,2005,2,3,3,7,-1.0,3.0,400,1768,603,9803,21,Somerst
2007,140000,1965,4,2,2,5,-1.0,2.0,698,1214,461,9170,7,Edwards
2010,289000,1997,3,2,2,7,2.0,2.0,1247,1801,484,15602,6,Crawfor
2009,147000,1974,6,2,2,6,1.0,2.0,257,1322,440,2308,13,NPkVill
2009,124500,1952,7,2,2,5,-1.0,2.0,0,1960,400,7596,17,OldTown
2006,215000,1994,9,3,3,8,2.0,3.0,380,1911,471,9554,20,SawyerW
2009,208300,2009,9,3,3,6,-1.0,3.0,27,1218,676,7862,21,Somerst
2008,161000,2005,10,2,3,7,3.0,2.0,141,1378,360,9600,17,OldTown
2009,124500,1959,7,2,2,5,-1.0,2.0,991,1041,270,9600,12,NAmes
2009,164900,2000,6,3,2,5,2.0,2.0,650,1363,288,14559,12,NAmes
2006,202665,2006,3,3,3,7,3.0,3.0,0,1368,474,6792,16,NridgHt
2006,129900,1958,7,2,2,5,-1.0,2.0,521,864,624,9100,12,NAmes
2007,134000,1983,6,2,2,6,-1.0,2.0,336,1080,484,9187,11,Mitchel
2007,96500,1950,6,2,2,5,-1.0,2.0,0,789,200,10594,6,Crawfor
2009,402861,2009,9,4,4,10,3.0,4.0,1436,2020,900,12220,16,NridgHt
2009,158000,1972,8,2,2,6,2.0,2.0,0,2119,583,10448,14,NWAmes
2009,265000,1997,7,3,3,7,2.0,3.0,0,2344,889,10208,15,NoRidge
2007,211000,1998,5,2,2,6,-1.0,3.0,706,1796,546,9531,5,CollgCr
2009,234000,2004,6,3,3,7,3.0,3.0,0,2080,282,10918,6,Crawfor
2008,106250,2000,8,2,2,4,-1.0,-1.0,0,1294,0,10800,17,OldTown
2007,150000,1957,5,2,2,6,3.0,2.0,777,1244,336,11988,12,NAmes
2006,159000,1950,10,2,2,6,3.0,2.0,399,1664,420,5000,3,BrkSide
2007,184750,2008,10,4,4,10,3.0,4.0,2260,4676,884,40094,7,Edwards
2007,315750,1997,8,3,3,7,2.0,3.0,719,2398,834,11787,15,NoRidge
2006,176000,2005,4,3,3,7,2.0,3.0,0,1266,453,7500,21,Somerst
2007,132000,2000,6,2,2,5,-1.0,3.0,377,928,252,13300,12,NAmes
2008,446261,2008,11,4,4,9,3.0,4.0,1330,2713,858,14948,16,NridgHt
2007,86000,2002,7,2,2,4,-1.0,2.0,348,605,0,9098,7,Edwards
2007,200624,1975,3,3,2,6,2.0,2.0,1219,2515,484,32668,6,Crawfor
2008,175000,1989,8,3,3,6,1.0,3.0,783,1509,600,10200,23,Timber
2008,128000,1999,6,2,2,6,-1.0,1.0,0,1362,502,6155,3,BrkSide
2010,107500,2007,4,2,2,5,0.0,-1.0,0,827,392,7200,12,NAmes
2007,39300,1950,1,1,1,1,-1.0,-1.0,0,334,0,5000,3,BrkSide
2006,178000,2004,10,3,3,8,3.0,4.0,0,1414,403,9056,8,Gilbert
2008,107500,1991,1,2,2,5,-1.0,3.0,969,1347,0,7000,7,Edwards
2008,188000,1999,7,2,3,7,-1.0,3.0,0,1724,527,8924,5,CollgCr
2008,111250,1972,4,2,2,4,-1.0,2.0,600,864,576,12735,12,NAmes
2006,158000,1968,7,2,2,5,1.0,2.0,673,1159,336,11553,19,Sawyer
2010,272000,2002,5,3,3,8,2.0,3.0,1358,1601,670,11423,5,CollgCr
2009,315000,2006,3,4,4,9,3.0,4.0,1260,1838,765,14601,23,Timber
2007,248000,2000,6,3,3,8,2.0,3.0,0,2285,648,11000,15,NoRidge
2009,213250,1999,6,3,3,7,2.0,4.0,144,1680,583,10140,14,NWAmes
2007,133000,1998,6,2,2,7,-1.0,3.0,584,767,367,4058,12,NAmes
2006,179665,2006,9,3,3,7,3.0,3.0,554,1496,426,17104,8,Gilbert
2006,229000,1988,2,3,3,7,-1.0,3.0,1002,2183,786,13837,14,NWAmes
2007,210000,1950,5,2,2,6,3.0,3.0,300,1635,440,8737,3,BrkSide
2007,129500,1970,4,2,2,5,-1.0,3.0,619,768,624,7244,11,Mitchel
2008,125000,1995,6,2,2,5,-1.0,2.0,180,825,720,8235,17,OldTown
2009,263000,2004,11,3,3,7,3.0,3.0,0,2094,615,9375,21,Somerst
2008,140000,1977,10,2,2,6,-1.0,3.0,559,1069,440,4043,13,NPkVill
2008,112500,1957,6,2,2,5,-1.0,2.0,308,928,288,6000,17,OldTown
2009,255500,2006,7,3,3,8,3.0,4.0,0,1717,908,11146,16,NridgHt
2009,108000,2003,5,2,3,4,-1.0,-1.0,0,1126,520,8777,7,Edwards
2008,284000,2004,8,3,3,7,3.0,3.0,866,2046,871,10625,16,NridgHt
2006,113000,1950,8,2,2,5,3.0,2.0,0,1048,280,6380,3,BrkSide
2006,141000,1957,5,2,2,5,2.0,2.0,895,1092,299,14850,12,NAmes
2006,108000,1950,9,2,2,4,-1.0,2.0,637,1336,570,11040,9,IDOTRR
2008,175000,1997,8,2,2,7,2.0,3.0,604,1446,406,21872,8,Gilbert
2006,234000,2004,10,3,3,7,2.0,3.0,0,1557,420,3196,0,Blmngtn
2010,121500,1996,5,2,2,5,3.0,3.0,1302,1392,528,11341,19,Sawyer
2006,170000,1975,4,2,2,5,2.0,3.0,1071,1389,418,10010,11,Mitchel
2008,108000,1969,7,2,2,5,3.0,2.0,290,996,0,13907,7,Edwards
2008,185000,1950,7,2,2,6,3.0,3.0,0,1674,396,21780,7,Edwards
2006,268000,2000,7,3,3,7,2.0,3.0,728,2295,590,13346,15,NoRidge
2010,128000,1950,5,2,1,6,-1.0,3.0,0,1647,216,6858,18,SWISU
2008,325000,2007,6,3,4,9,3.0,3.0,0,2504,656,11198,22,StoneBr
2010,214000,2004,3,3,3,7,-1.0,3.0,2,1535,532,10171,16,NridgHt
2009,316600,2009,9,3,3,8,3.0,3.0,1441,2132,612,12327,20,SawyerW
2006,135960,1979,12,2,2,5,2.0,3.0,943,943,600,7032,12,NAmes
2008,142600,1965,11,2,2,5,-1.0,2.0,231,1728,576,13101,12,NAmes
2006,120000,1959,10,2,3,6,-1.0,2.0,414,864,288,7332,12,NAmes
2009,224500,2009,7,2,3,7,-1.0,4.0,0,1692,650,13159,23,Timber
2007,170000,2000,12,2,2,7,2.0,3.0,0,1430,400,9967,8,Gilbert
2007,139000,2005,12,2,2,5,-1.0,2.0,349,1109,288,10500,12,NAmes
2008,118500,1950,10,2,2,5,-1.0,2.0,442,1216,336,8480,12,NAmes
2009,145000,1950,8,2,2,7,3.0,2.0,0,1477,216,6292,18,SWISU
2006,164500,1966,5,2,2,5,1.0,2.0,328,1320,564,11777,19,Sawyer
2008,146000,2007,2,3,3,7,-1.0,3.0,0,1392,540,3604,21,Somerst
2008,131500,1954,11,2,2,5,-1.0,2.0,0,1795,352,12150,17,OldTown
2007,181900,1987,6,2,3,6,3.0,2.0,594,1429,572,14585,12,NAmes
2009,253293,2009,8,4,4,8,3.0,4.0,0,2042,1390,12704,16,NridgHt
2007,118500,1990,5,2,2,6,-1.0,3.0,816,816,0,11841,7,Edwards
2008,325000,2000,7,4,3,10,3.0,2.0,0,2775,880,13500,17,OldTown
2009,133000,1995,7,2,3,4,-1.0,2.0,0,1573,240,6120,3,BrkSide
2006,369900,2006,3,3,3,8,3.0,4.0,1460,2028,880,11443,23,Timber
2008,130000,2000,5,2,1,6,-1.0,2.0,210,838,275,10267,3,BrkSide
2009,137000,1982,7,2,2,5,-1.0,2.0,672,860,528,8740,19,Sawyer
2009,143000,2003,6,2,4,5,3.0,2.0,1324,1473,452,25095,4,ClearCr
2008,79500,1960,8,2,2,5,-1.0,2.0,0,935,308,9100,3,BrkSide
2008,185900,2004,9,3,3,7,-1.0,3.0,490,1582,520,8320,5,CollgCr
2009,451950,2008,6,4,4,10,3.0,4.0,1338,2296,842,13478,16,NridgHt
2008,138000,2003,6,2,2,5,-1.0,2.0,816,816,816,6600,11,Mitchel
2009,140000,2003,5,3,3,6,-1.0,3.0,685,848,420,4435,5,CollgCr
2008,110000,1975,4,2,2,5,-1.0,3.0,0,924,280,7990,5,CollgCr
2006,319000,2006,8,3,3,8,2.0,3.0,1422,1826,758,11302,22,StoneBr
2006,114504,1993,10,2,2,6,-1.0,2.0,0,1368,216,3600,17,OldTown
2007,194201,2007,2,3,3,7,3.0,4.0,0,1402,648,3922,0,Blmngtn
2006,217500,1977,3,2,3,5,2.0,3.0,1283,1647,621,12984,6,Crawfor
2008,151000,1980,7,2,2,6,2.0,3.0,81,1556,452,1950,1,Blueste
2006,275000,2005,6,3,4,8,3.0,3.0,546,1904,736,10927,16,NridgHt
2007,141000,1950,12,2,3,6,3.0,2.0,0,1375,544,9000,9,IDOTRR
2006,220000,1992,2,3,3,8,2.0,3.0,789,1915,506,10041,20,SawyerW
2010,151000,2005,6,3,3,7,-1.0,3.0,0,1200,480,3182,21,Somerst
2008,221000,2002,9,3,3,7,2.0,3.0,922,1494,530,12803,5,CollgCr
2009,205000,1990,10,2,2,7,1.0,2.0,454,1986,486,13600,12,NAmes
2009,152000,1996,11,2,3,5,-1.0,3.0,732,1040,576,12464,5,CollgCr
2006,225000,2002,8,2,4,5,-1.0,2.0,603,2008,230,7800,7,Edwards
2007,359100,1998,9,2,2,8,3.0,3.0,428,3194,380,12168,6,Crawfor
2007,118500,1961,4,2,2,4,-1.0,2.0,903,1029,261,7943,19,Sawyer
2009,313000,2000,5,3,4,9,4.0,4.0,904,2153,736,11050,5,CollgCr
2007,148000,1978,7,2,2,6,2.0,3.0,605,1032,564,10395,14,NWAmes
2009,261500,2001,11,3,4,8,2.0,3.0,990,1872,531,11885,5,CollgCr
2007,147000,2007,12,2,2,5,-1.0,3.0,206,1120,0,8402,11,Mitchel
2010,75500,1972,5,2,2,4,-1.0,3.0,150,630,0,1491,10,MeadowV
2010,137500,1963,5,2,3,6,-1.0,2.0,763,1054,480,8800,12,NAmes
2006,183200,2003,6,3,3,6,3.0,3.0,457,1509,393,7861,8,Gilbert
2008,105500,1954,6,2,3,6,-1.0,2.0,0,832,528,7227,12,NAmes
2007,314813,2007,7,4,3,9,3.0,4.0,48,1828,774,11694,16,NridgHt
2008,305000,2003,8,3,3,8,3.0,3.0,871,2262,749,12244,23,Timber
2008,67000,1950,9,2,2,3,-1.0,2.0,41,864,0,8248,7,Edwards
2008,240000,1997,6,2,2,6,2.0,2.0,956,2614,624,10800,14,NWAmes
2009,135000,1977,7,2,2,5,-1.0,2.0,560,980,484,7064,19,Sawyer
2007,168500,2000,6,3,3,6,2.0,3.0,420,1512,440,2117,21,Somerst
2006,165150,1972,11,2,2,6,2.0,2.0,247,1790,484,10400,14,NWAmes
2010,160000,1962,2,2,2,6,-1.0,2.0,0,1116,440,10000,12,NAmes
2007,139900,1978,8,2,2,5,2.0,2.0,0,1422,286,12342,12,NAmes
2010,153000,1972,3,2,2,6,3.0,2.0,674,1520,364,9600,12,NAmes
2007,135000,1969,9,2,1,5,2.0,3.0,650,2080,504,11606,12,NAmes
2008,168500,1964,6,2,2,6,-1.0,2.0,624,1350,520,9020,12,NAmes
2006,124000,1991,6,2,4,5,-1.0,1.0,0,1750,240,9000,17,OldTown
2007,209500,2006,8,3,3,8,3.0,3.0,24,1554,627,4590,16,NridgHt
2009,82500,1977,4,2,2,7,2.0,2.0,822,1411,544,11900,14,NWAmes
2007,139400,2005,7,2,2,5,-1.0,2.0,480,1056,260,9250,12,NAmes
2010,144000,1980,6,2,2,6,-1.0,2.0,1056,1056,576,6979,17,OldTown
2007,200000,1995,3,1,1,6,-1.0,2.0,256,3395,0,10896,18,SWISU
2009,60000,1950,1,1,1,2,0.0,2.0,0,800,0,6120,3,BrkSide
2009,93000,1954,11,2,3,5,-1.0,2.0,0,1387,256,6000,17,OldTown
2008,85000,1950,5,2,2,5,-1.0,1.0,0,796,0,8777,7,Edwards
2006,264561,2006,10,3,4,8,3.0,3.0,1154,1567,648,3982,0,Blmngtn
2008,274000,2004,4,4,4,8,3.0,4.0,1218,1518,588,12677,16,NridgHt
2007,226000,2001,5,3,3,7,2.0,3.0,738,1929,650,7050,21,Somerst
2009,345000,1995,7,3,4,8,2.0,3.0,1410,2704,538,13860,12,NAmes
2007,152000,1969,4,2,2,5,-1.0,2.0,493,1620,462,10793,14,NWAmes
2009,370878,2009,10,4,4,9,3.0,4.0,1121,1766,478,9187,21,Somerst
2007,143250,1971,3,2,2,6,-1.0,2.0,282,981,576,10530,12,NAmes
2008,98300,1950,7,2,2,5,-1.0,-1.0,0,1048,420,7200,12,NAmes
2008,155000,1953,6,2,2,6,3.0,2.0,500,1094,495,10452,7,Edwards
2010,155000,1966,6,2,2,6,2.0,2.0,0,1839,442,7700,12,NAmes
2007,84500,1970,12,2,2,4,-1.0,3.0,131,630,0,1936,10,MeadowV
2008,205950,2007,5,3,3,7,-1.0,3.0,0,1665,562,8125,21,Somerst
2009,108000,1950,10,2,2,4,3.0,2.0,0,1510,296,9084,7,Edwards
2009,191000,1996,7,3,3,7,2.0,3.0,0,1716,512,8750,5,CollgCr
2008,135000,1995,6,2,2,6,-1.0,2.0,0,1469,216,10320,9,IDOTRR
2008,350000,1995,8,3,3,8,2.0,3.0,1696,2113,839,10437,15,NoRidge
2010,88000,1971,3,2,2,6,-1.0,2.0,0,1092,264,1680,2,BrDale
2008,145500,2006,8,3,3,5,-1.0,2.0,806,1053,312,10007,12,NAmes
2008,149000,2000,2,2,2,7,3.0,3.0,0,1502,270,7200,6,Crawfor
2010,97500,1950,1,2,2,6,3.0,2.0,0,1458,330,17503,12,NAmes
2009,167000,1999,3,2,2,5,-1.0,2.0,637,1486,480,9937,7,Edwards
2007,197900,1976,11,2,2,7,2.0,3.0,0,1935,550,12384,14,NWAmes
2009,402000,2005,7,3,3,8,2.0,3.0,1361,2448,711,46589,15,NoRidge
2009,110000,1968,7,2,2,6,2.0,1.0,0,1392,576,13560,12,NAmes
2008,137500,1972,4,2,2,4,-1.0,3.0,920,1181,588,10012,7,Edwards
2006,423000,2006,1,3,4,8,4.0,4.0,1721,2097,1134,20896,21,Somerst
2006,230500,2000,11,3,3,8,2.0,3.0,0,1936,504,11194,8,Gilbert
2007,129000,1979,8,2,2,6,0.0,3.0,187,2380,596,18450,12,NAmes
2008,193500,1998,10,2,3,6,1.0,3.0,1138,1679,575,8125,20,SawyerW
2006,168000,1987,11,2,2,5,2.0,2.0,988,1437,576,14175,19,Sawyer
2006,137500,1950,7,2,1,4,3.0,1.0,0,1180,252,11600,6,Crawfor
2009,173500,2005,2,3,3,6,-1.0,3.0,193,1476,540,8633,5,CollgCr
2009,103600,1950,7,2,2,6,-1.0,2.0,551,1369,300,6629,7,Edwards
2006,165000,1977,6,3,2,6,2.0,3.0,767,1208,546,11250,24,Veenker
2007,257500,2004,6,2,3,6,2.0,2.0,1186,1839,416,14442,6,Crawfor
2008,140000,1965,7,2,2,6,3.0,2.0,892,1136,384,9200,12,NAmes
2009,148500,1978,4,2,2,6,2.0,2.0,311,1441,440,2289,13,NPkVill
2006,87000,1950,5,2,2,4,-1.0,2.0,0,1774,779,9600,17,OldTown
2009,109500,2006,5,3,3,5,-1.0,2.0,0,792,240,9022,17,OldTown
2009,372500,2008,7,3,3,8,3.0,4.0,0,2046,834,11844,22,StoneBr
2007,128500,1961,10,2,2,5,-1.0,2.0,827,988,572,9945,19,Sawyer
2010,143000,1980,5,2,2,6,2.0,3.0,543,923,264,8012,20,SawyerW
2009,159434,2000,7,2,2,5,-1.0,2.0,182,1520,281,4500,18,SWISU
2008,173000,1997,11,2,3,6,3.0,3.0,1003,1291,431,2887,4,ClearCr
2007,285000,2002,7,3,3,9,2.0,3.0,1059,1668,702,11248,5,CollgCr
2010,221000,1998,6,3,2,7,-1.0,3.0,0,1839,486,16770,15,NoRidge
2007,207500,1984,9,3,3,7,2.0,3.0,828,2090,577,5062,22,StoneBr
2007,227875,2007,8,3,3,7,-1.0,3.0,0,1761,578,10207,21,Somerst
2007,148800,2004,3,3,3,7,-1.0,3.0,239,1102,480,5105,21,Somerst
2007,392000,2007,10,3,3,8,3.0,3.0,945,1419,567,8089,22,StoneBr
2007,194700,2006,6,3,3,6,3.0,3.0,20,1362,460,7577,16,NridgHt
2008,141000,2004,5,3,3,6,2.0,3.0,697,848,420,4426,5,CollgCr
2007,755000,1995,1,4,4,10,4.0,4.0,1455,4316,832,21535,15,NoRidge
2006,335000,1990,4,3,3,7,3.0,3.0,965,2519,628,26178,23,Timber
2006,108480,1968,12,2,2,5,-1.0,2.0,0,1073,326,5400,17,OldTown
2009,141500,1950,4,2,2,5,-1.0,2.0,0,1539,576,6120,3,BrkSide
2006,176000,1987,7,2,3,6,2.0,3.0,980,1137,551,13811,23,Timber
2006,89000,1950,6,2,2,5,-1.0,2.0,616,616,205,6000,3,BrkSide
2006,123500,1952,9,2,2,5,-1.0,4.0,210,1148,308,6420,7,Edwards
2010,138500,2009,4,2,2,5,3.0,2.0,553,894,336,8450,19,Sawyer
2008,196000,2004,7,3,3,7,-1.0,3.0,16,1391,530,4282,21,Somerst
2006,312500,2002,5,3,3,8,3.0,4.0,1274,1800,765,14331,23,Timber
2006,140000,1969,7,2,2,7,-1.0,2.0,0,1164,528,9600,14,NWAmes
2006,361919,2006,7,4,4,8,3.0,4.0,0,2576,666,12438,22,StoneBr
2010,140000,1996,5,2,3,5,0.0,3.0,0,1812,672,7630,17,OldTown
2010,213000,2005,5,3,3,7,-1.0,3.0,712,1484,606,8400,5,CollgCr
2010,55000,1950,7,1,1,4,-1.0,-1.0,0,1092,0,5600,9,IDOTRR
2007,302000,2002,6,2,3,7,2.0,3.0,1219,1824,739,115149,4,ClearCr
2009,254000,2006,12,3,3,8,3.0,3.0,863,1324,550,6240,16,NridgHt
2007,179540,2007,7,3,3,7,3.0,3.0,0,1456,400,9018,8,Gilbert
2008,109900,1966,12,2,2,5,-1.0,2.0,0,904,408,7162,19,Sawyer
2008,52000,2003,7,3,2,3,-1.0,2.0,0,729,0,4130,3,BrkSide
2010,102776,1950,1,2,2,4,-1.0,2.0,0,1178,384,8712,9,IDOTRR
2008,189000,1989,10,3,3,8,3.0,3.0,767,1228,472,4671,22,StoneBr
2006,129000,1970,5,2,2,4,-1.0,2.0,789,960,576,9873,3,BrkSide
2010,130500,2005,3,3,3,6,-1.0,2.0,533,1479,475,13517,19,Sawyer
2009,165000,1974,8,2,2,6,2.0,3.0,0,1350,478,10140,14,NWAmes
2007,159500,1998,7,2,2,7,-1.0,2.0,0,2554,704,10800,17,OldTown
2008,157000,2000,11,2,3,5,1.0,3.0,1084,1178,439,10000,14,NWAmes
2008,341000,1994,8,3,3,7,2.0,3.0,1173,2418,983,10542,15,NoRidge
2006,128500,1969,5,2,2,5,0.0,3.0,523,971,300,9920,5,CollgCr
2006,275000,1985,12,3,3,8,2.0,3.0,1148,1742,564,6563,22,StoneBr
2010,143000,2004,5,3,3,6,-1.0,3.0,662,848,420,4426,5,CollgCr
2009,124500,1970,7,2,2,4,-1.0,2.0,191,864,463,8120,12,NAmes
2008,135000,1972,5,2,2,4,-1.0,2.0,0,1470,548,8172,7,Edwards
2009,320000,2008,2,4,4,9,3.0,4.0,1234,1698,768,13286,7,Edwards
2009,120500,1970,11,2,3,4,-1.0,2.0,375,864,660,6960,12,NAmes
2009,222000,2007,12,3,3,6,3.0,3.0,808,1680,540,21695,6,Crawfor
2009,194500,2007,2,3,3,7,-1.0,3.0,724,1232,632,7314,5,CollgCr
2009,110000,1958,7,2,2,5,-1.0,2.0,0,1776,888,11475,12,NAmes
2009,103000,1950,1,2,2,4,-1.0,2.0,152,1208,539,6240,9,IDOTRR
2010,236500,1996,3,3,3,8,2.0,3.0,1180,1616,608,5389,22,StoneBr
2007,187500,2003,5,3,3,7,3.0,4.0,786,1146,438,9590,23,Timber
2008,222500,1999,7,3,3,7,2.0,3.0,252,2031,541,11404,5,CollgCr
2009,131400,1983,3,2,2,5,2.0,2.0,594,1144,264,10000,19,Sawyer
2007,108000,1968,5,2,2,5,-1.0,2.0,0,948,300,8978,19,Sawyer
2006,163000,1970,10,2,2,7,2.0,3.0,390,1768,320,10800,17,OldTown
2006,93500,1950,7,2,2,3,-1.0,-1.0,0,1040,400,8544,12,NAmes
2006,239900,2005,6,3,3,8,3.0,3.0,0,1801,800,10463,8,Gilbert
2009,179000,1988,3,2,2,5,-1.0,3.0,1200,1200,0,10800,7,Edwards
2009,190000,2004,4,3,3,7,-1.0,3.0,0,1728,572,9313,5,CollgCr
2007,132000,2002,5,2,2,5,-1.0,1.0,0,1432,360,9600,17,OldTown
2008,142000,1996,5,2,3,6,-1.0,2.0,832,912,288,6768,19,Sawyer
2007,179000,2001,12,2,2,7,-1.0,3.0,0,1349,539,8450,20,SawyerW
2009,175000,1999,10,2,2,5,2.0,3.0,444,1464,480,12886,19,Sawyer
2008,180000,1993,10,3,3,8,2.0,3.0,733,1337,462,5395,22,StoneBr
2008,299800,1996,7,4,3,8,2.0,2.0,575,2715,831,8963,14,NWAmes
2009,236000,2000,4,3,3,7,2.0,3.0,300,2256,554,8795,8,Gilbert
2009,265979,2003,5,3,3,7,3.0,2.0,0,2640,864,11700,17,OldTown
2010,260400,1996,3,3,3,7,2.0,3.0,919,1720,527,10593,15,NoRidge
2009,98000,1950,4,2,2,4,-1.0,-1.0,0,1529,240,8405,7,Edwards
2010,96500,2004,6,2,2,4,-1.0,2.0,0,1140,0,8800,17,OldTown
2007,162000,2003,8,3,3,7,-1.0,3.0,0,1320,400,7750,8,Gilbert
2006,217000,1997,7,2,3,6,-1.0,3.0,1200,1494,576,9236,5,CollgCr
